casilla_id,distrito_fed_17,distrito_fed_12,distrito_loc_17,distrito_loc_12,are,seccion,casilla,tipo_seccion,pri_pvem,pan_na,prd,pt,mc,otros,total,ln,tamano_md,tamano_gd,region,casilla_ex,rural,ln_total
543,1,1,2,2,1-18,2604,B-C,M,178,305,4,1,1,5,494,666,1,0,2,0,0,666
163,4,1,1,1,1-87,2379,B-C,U,168,126,9,1,2,13,319,579,1,0,1,0,0,579
429,1,1,2,2,1-48,2550,B-C,U,168,159,25,5,10,17,384,650,1,0,2,0,0,650
113,4,1,1,1,1-63,2349,B-C,U,175,170,13,24,2,18,402,610,1,0,1,0,0,610
574,1,1,2,2,1-21,2892,B-C,M,130,223,47,2,0,10,412,564,1,0,2,0,0,564
452,1,1,2,2,1-47,2558,B-C,U,160,141,12,11,2,0,326,636,1,0,2,0,0,636
544,1,1,2,2,1-18,2604,B-C,M,177,311,5,0,1,11,505,665,1,0,2,0,0,665
114,4,1,1,1,1-65,2350,B-C,M,170,196,11,16,1,15,409,645,1,0,1,0,0,645
572,1,1,2,2,1-21,2892,B-C,M,136,229,51,2,2,10,430,564,1,0,2,0,0,564
435,1,1,2,2,1-49,2551,B-C,U,161,147,13,3,2,24,350,654,1,0,2,0,0,654
170,4,1,1,1,1-84,2381,S,U,120,95,11,2,1,10,239,0,0,0,1,0,0,239
436,1,1,2,2,1-49,2551,B-C,U,144,165,25,8,3,0,345,653,1,0,2,0,0,653
251,4,1,1,1,1-83,2422,B-C,R,130,112,10,4,2,15,273,506,1,0,1,0,1,506
221,4,1,1,1,1-79,2406,B-C,R,121,62,27,6,0,17,233,555,1,0,1,0,1,555
244,4,1,1,1,1-83,2418,B-C,R,121,162,17,2,6,13,321,498,0,0,1,0,1,498
590,1,1,2,2,1-28,2903,B-C,R,159,151,50,3,3,17,383,541,1,0,2,0,1,541
207,4,1,1,1,1-95,2398,B-C,R,136,101,10,2,1,22,272,519,1,0,1,0,1,519
492,1,1,2,2,1-53,2583,B-C,R,84,161,16,4,3,13,281,539,1,0,2,0,1,539
135,4,1,1,1,1-62,2361,B-C,R,62,151,2,6,0,0,221,379,0,0,1,0,1,379
6102,10,10,20,20,10-79,2962,B-C,U,117,184,17,26,5,11,360,557,1,0,2,0,0,557
6322,10,10,20,21,10-18,2274,B-C,U,155,230,27,9,0,0,421,636,1,0,2,0,0,636
6030,10,10,20,20,10-68,2799,B-C,U,136,172,11,7,0,9,335,598,1,0,2,0,0,598
5260,14,10,15,17,10-49,2744,B-C,U,114,186,37,3,0,18,358,589,1,0,2,0,0,589
6017,10,10,20,20,10-65,2794,B-C,U,155,205,17,2,0,8,387,683,1,0,2,0,0,683
6370,10,10,20,21,10-34,2300,B-C,R,117,137,22,6,2,20,304,557,0,0,2,0,1,557
5994,10,10,20,20,10-46,2650,B-C,R,135,196,1,2,0,6,340,502,0,0,2,0,1,502
6173,10,10,20,20,10-97,3002,B-C,R,85,84,14,8,0,21,212,432,0,0,2,0,1,432
6117,10,10,20,20,10-87,2971,B-C,R,129,68,15,9,2,13,236,436,0,0,2,0,1,436
5435,7,11,18,18,11-43,1919,B-C,U,183,250,9,0,3,10,455,662,0,0,1,0,0,662
5568,7,11,18,18,11-8,1988,B-C,U,118,212,22,3,1,35,391,749,1,0,1,0,0,749
5318,7,11,10,18,11-99,567,B-C,M,134,206,8,8,1,10,367,568,1,0,1,0,0,568
5580,7,11,18,18,11-10,1995,B-C,U,65,101,13,0,1,8,188,416,0,0,1,0,0,416
5389,13,11,10,18,11-85,723,B-C,U,164,137,57,1,0,25,384,604,1,0,1,0,0,604
5620,7,11,18,18,11-24,2017,B-C,R,128,65,4,0,0,11,208,523,1,0,1,0,1,523
5533,7,11,18,18,11-33,1972,B-C,R,167,121,2,0,1,11,302,438,0,0,1,0,1,438
5535,7,11,18,18,11-5,1973,B-C,R,67,148,12,21,1,34,283,585,1,0,1,0,1,585
5655,13,11,18,19,11-52,924,B-C,R,56,108,62,30,0,4,260,387,0,0,1,0,1,387
5489,7,11,18,18,11-34,1949,B-C,R,73,139,4,2,1,21,240,444,0,0,1,0,1,444
5660,13,11,18,19,11-53,927,B-C,R,142,131,47,50,3,11,384,622,1,0,1,0,1,622
5658,13,11,18,19,11-51,925,B-C,R,172,152,80,8,0,18,430,674,1,0,1,0,1,674
3864,13,11,18,13,11-73,26,B-C,R,158,332,6,0,0,12,508,724,1,0,1,0,1,724
3872,13,11,18,13,11-72,31,B-C,R,26,286,3,1,0,4,320,514,1,0,1,0,1,514
5350,7,11,10,18,11-102,587,B-C,R,153,63,1,1,0,4,222,391,0,0,1,0,1,391
5659,13,11,18,19,11-53,926,B-C,R,62,76,72,59,9,23,301,501,0,0,1,0,1,501
5347,7,11,10,18,11-103,585,B-C,R,55,45,3,9,0,5,117,233,0,0,1,0,1,233
4755,12,12,16,16,12-29,373,B-C,U,150,134,13,4,1,0,302,517,1,0,2,0,0,517
4367,12,12,16,15,12-41,347,B-C,NA,156,226,35,10,5,8,440,720,0,1,2,0,0,720
4808,12,12,16,16,12-19,427,B-C,U,117,91,11,7,4,7,237,387,0,0,2,0,0,387
4403,12,12,15,15,12-47,367,B-C,U,108,131,16,5,2,10,272,450,0,0,2,0,0,450
4469,12,12,15,15,12-3,418,B-C,U,213,210,27,2,8,15,475,736,0,0,2,0,0,736
4439,12,12,15,15,12-2,407,B-C,U,130,159,13,5,2,15,324,503,1,0,2,0,0,503
4924,2,12,16,16,12-75,520,B-C,M,140,192,31,5,3,8,379,727,1,0,2,0,0,727
4673,12,12,16,16,12-39,336,B-C,U,148,195,37,4,9,14,407,727,0,1,2,0,0,727
4740,12,12,16,16,12-21,355,B-C,U,136,144,19,6,7,9,321,525,1,0,2,0,0,525
4414,12,12,15,15,12-48,378,B-C,U,163,184,18,6,1,13,385,583,1,0,2,0,0,583
4780,12,12,16,16,12-20,400,B-C,U,187,209,12,4,0,14,426,521,1,0,2,0,0,521
4455,12,12,15,15,12-51,412,B-C,U,179,247,41,7,4,2,480,693,0,1,2,0,0,693
4795,12,12,16,16,12-5,421,B-C,U,108,119,16,4,3,6,256,380,0,0,2,0,0,380
4932,2,12,16,16,12-67,523,B-C,R,152,194,21,2,3,10,382,638,1,0,2,0,1,638
4955,12,12,15,16,12-79,549,B-C,R,59,214,3,2,0,9,287,430,0,0,2,0,1,430
4939,12,12,15,16,12-76,533,B-C,R,179,91,9,2,2,5,288,495,0,0,2,0,1,495
4911,2,12,16,16,12-67,511,B-C,R,118,148,21,4,4,7,302,548,1,0,2,0,1,548
4951,12,12,15,16,12-78,546,B-C,R,185,221,19,2,4,17,448,700,1,0,2,0,1,700
4592,12,13,15,15,13-15,537,B-C,M,132,101,1,1,1,6,242,401,0,0,2,0,0,401
6216,10,13,19,21,13-25,678,B-C,U,95,160,14,1,5,9,284,400,0,0,2,0,0,400
4500,12,13,15,15,13-6,468,B-C,U,126,193,18,8,3,10,358,532,1,0,2,0,0,532
5774,13,13,19,19,13-67,2841,B-C,U,47,151,94,3,5,30,330,593,1,0,2,0,0,593
5721,13,13,19,19,13-56,2818,B-C,U,76,255,65,2,4,19,421,672,1,0,2,0,0,672
5738,13,13,19,19,13-59,2825,B-C,U,50,184,43,3,2,15,297,507,1,0,2,0,0,507
6233,10,13,19,21,13-28,686,B-C,U,162,236,17,2,1,11,429,622,1,0,2,0,0,622
4520,12,13,15,15,13-9,480,B-C,U,165,153,11,7,3,7,346,649,1,0,2,0,0,649
5737,13,13,19,19,13-59,2825,B-C,U,45,203,59,4,3,20,334,507,1,0,2,0,0,507
6229,10,13,19,21,13-30,684,B-C,U,158,198,26,3,2,14,401,630,1,0,2,0,0,630
6193,10,13,19,21,13-22,668,B-C,U,193,267,28,9,2,12,511,743,1,0,2,0,0,743
5719,13,13,19,19,13-56,2817,B-C,M,45,237,76,7,4,42,411,644,1,0,2,0,0,644
6234,10,13,19,21,13-28,686,B-C,U,167,220,24,2,2,9,424,622,1,0,2,0,0,622
5750,13,13,19,19,13-62,2831,B-C,U,108,221,63,5,8,15,420,730,1,0,2,0,0,730
6188,10,13,19,21,13-21,666,B-C,U,125,140,34,7,2,6,314,525,1,0,2,0,0,525
6197,10,13,19,21,13-23,669,B-C,U,120,186,20,5,6,11,348,537,1,0,2,0,0,537
4827,12,13,15,16,13-2,452,B-C,U,159,201,25,12,7,17,421,598,1,0,2,0,0,598
5792,13,13,19,19,13-70,2847,B-C,U,29,171,84,5,2,19,310,591,1,0,2,0,0,591
5833,13,13,19,19,13-82,2863,E,M,50,150,140,3,1,20,364,675,1,0,2,1,0,675
6279,10,13,19,21,13-39,705,B-C,U,99,159,7,1,1,3,270,508,1,0,2,0,0,508
5781,13,13,19,19,13-68,2843,B-C,U,25,155,76,1,1,18,276,584,1,0,2,0,0,584
5666,13,13,19,19,13-44,1178,B-C,M,167,213,14,2,4,14,414,554,1,0,2,0,0,554
6224,10,13,19,21,13-29,682,B-C,U,179,204,22,2,2,14,423,657,1,0,2,0,0,657
6263,10,13,19,21,13-35,696,E,R,105,98,11,7,2,8,231,441,0,0,2,1,1,441
5807,13,13,19,19,13-75,2852,B-C,R,43,105,81,10,2,26,267,622,1,0,2,0,1,622
4597,12,13,15,15,13-16,540,B-C,R,85,163,4,3,2,13,270,464,0,0,2,0,1,464
5796,13,13,19,19,13-71,2848,B-C,R,43,79,113,4,2,21,262,514,1,0,2,0,1,514
5692,13,13,19,19,13-49,1191,B-C,R,158,244,11,3,0,12,428,678,1,0,2,0,1,678
6578,14,14,22,22,14-1,114,B-C,M,39,106,52,6,2,31,236,518,1,0,2,0,0,518
6626,14,14,22,22,14-74,652,B-C,U,90,174,43,15,0,13,335,454,0,0,2,0,0,454
5011,14,14,22,17,14-41,255,B-C,U,61,104,14,5,124,18,326,619,1,0,2,0,0,619
6517,14,14,22,22,14-14,82,B-C,U,91,103,37,3,7,0,241,518,1,0,2,0,0,518
5017,14,14,22,17,14-40,258,B-C,M,95,141,13,9,152,33,443,655,1,0,2,0,0,655
6719,14,14,22,22,14-96,1255,B-C,M,113,102,17,2,0,15,249,431,0,0,2,0,0,431
6630,14,14,22,22,14-75,654,B-C,M,144,232,66,20,1,21,484,731,1,0,2,0,0,731
6479,14,14,22,22,14-6,65,B-C,M,107,118,46,8,5,21,305,563,1,0,2,0,0,563
5067,14,14,9,17,14-54,288,B-C,U,195,198,14,5,4,15,431,714,1,0,2,0,0,714
6641,14,14,22,22,14-74,660,B-C,R,133,245,72,3,0,12,465,723,1,0,2,0,1,723
5128,14,14,9,17,14-66,313,E,R,132,138,8,5,1,6,290,488,1,0,2,1,1,488
6596,14,14,22,22,14-29,123,B-C,R,111,76,89,8,3,26,313,695,1,0,2,0,1,695
5122,14,14,9,17,14-67,311,B-C,R,375,97,9,2,2,12,497,721,1,0,2,0,1,721
6605,14,14,22,22,14-31,130,B-C,R,66,74,120,9,1,45,315,600,0,0,2,0,1,600
6595,14,14,22,22,14-29,123,B-C,R,139,97,68,2,1,36,343,695,1,0,2,0,1,695
5065,14,14,22,17,14-52,287,B-C,R,80,61,8,7,83,25,264,450,0,0,2,0,1,450
5184,2,2,17,17,2-55,615,B-C,U,110,229,9,2,9,1,360,669,1,0,2,0,0,669
2554,2,2,9,9,2-8,153,B-C,U,136,167,23,3,4,7,340,561,1,0,2,0,0,561
2632,2,2,9,9,2-16,185,B-C,U,173,119,6,2,3,19,322,652,1,0,2,0,0,652
2591,2,2,9,9,2-12,167,B-C,U,112,129,24,6,8,25,304,437,0,0,2,0,0,437
348,2,2,2,2,2-84,2514,B-C,U,191,163,77,14,4,6,455,663,1,0,2,0,0,663
2573,2,2,9,9,2-17,158,B-C,U,134,132,3,4,1,14,288,530,1,0,2,0,0,530
300,1,2,2,2,2-93,740,B-C,U,186,244,30,2,24,15,501,690,1,0,2,0,0,690
2568,2,2,9,9,2-13,157,B-C,U,211,195,18,14,7,21,466,685,1,0,2,0,0,685
2615,2,2,9,9,2-15,175,S,M,37,53,10,1,2,4,107,0,1,0,2,0,0,107
2593,2,2,9,9,2-14,168,B-C,U,135,180,23,4,7,20,369,561,1,0,2,0,0,561
2706,2,2,9,9,2-47,229,B-C,R,93,78,9,4,0,11,195,449,0,0,2,0,1,449
5231,2,2,17,17,2-62,637,B-C,R,55,204,13,4,3,15,294,504,1,0,2,0,1,504
560,1,2,2,2,2-92,2783,B-C,R,137,246,149,0,1,29,562,726,1,0,2,0,1,726
2695,2,2,9,9,2-23,222,B-C,R,60,145,7,4,1,15,232,457,0,0,2,0,1,457
393,2,2,2,2,2-82,2534,B-C,R,178,62,10,4,0,1,255,423,0,0,2,0,1,423
562,1,2,2,2,2-89,2784,B-C,R,68,304,42,0,1,13,428,587,1,0,2,0,1,587
559,1,2,2,2,2-92,2783,B-C,R,117,268,160,4,3,22,574,726,1,0,2,0,1,726
1084,3,3,3,4,3-11,1329,B-C,U,106,212,2,1,0,6,327,500,1,0,1,0,0,500
1871,6,3,7,7,3-41,1366,B-C,U,136,171,2,2,1,6,318,585,1,0,1,0,0,585
1002,6,3,4,4,3-20,1298,B-C,U,199,173,16,4,1,15,408,744,1,0,1,0,0,744
1933,6,3,7,7,3-58,1409,B-C,U,168,186,8,3,1,9,375,607,1,0,1,0,0,607
1990,6,3,21,7,3-65,1453,S,U,24,60,10,1,3,2,100,0,1,0,1,0,0,100
1146,3,3,7,4,3-47,1360,B-C,U,121,150,4,4,2,15,296,514,1,0,1,0,0,514
990,3,3,3,4,3-16,1295,B-C,U,193,166,4,7,2,10,382,597,1,0,1,0,0,597
1030,6,3,4,4,3-24,1308,B-C,U,177,150,6,5,2,9,349,645,1,0,1,0,0,645
1929,6,3,7,7,3-56,1406,B-C,U,151,147,3,1,1,12,315,454,0,0,1,0,0,454
1130,6,3,7,4,3-37,1350,B-C,U,155,169,12,4,0,14,354,616,1,0,1,0,0,616
1922,6,3,7,7,3-49,1398,B-C,U,139,208,6,1,1,6,361,529,1,0,1,0,0,529
1142,3,3,7,4,3-34,1356,B-C,U,153,274,8,0,3,12,450,692,1,0,1,0,0,692
1268,3,3,4,4,3-83,1500,B-C,NA,167,148,12,2,1,21,351,722,0,1,1,0,0,722
1094,6,3,7,4,3-30,1334,B-C,U,166,138,4,1,2,8,319,593,1,0,1,0,0,593
1070,6,3,7,4,3-30,1323,B-C,U,190,163,5,1,4,4,367,639,1,0,1,0,0,639
1179,20,3,21,4,3-67,1392,B-C,NA,206,209,17,8,7,18,465,734,0,1,1,0,0,734
1014,3,3,3,4,3-12,1304,B-C,U,170,227,15,6,7,14,439,707,1,0,1,0,0,707
1026,3,3,4,4,3-22,1307,B-C,U,180,210,7,1,0,6,404,629,1,0,1,0,0,629
1078,3,3,7,4,3-32,1326,B-C,U,137,163,7,1,2,10,320,567,1,0,1,0,0,567
2296,4,4,8,8,4-62,875,B-C,U,160,176,32,10,2,12,392,712,1,0,1,0,0,712
3640,15,4,12,12,4-95,1028,B-C,U,244,144,11,2,5,2,408,681,1,0,1,0,0,681
2257,4,4,8,8,4-53,855,B-C,U,159,119,30,6,1,18,333,553,1,0,1,0,0,553
3610,15,4,12,12,4-93,997,B-C,U,178,143,15,5,1,18,360,558,1,0,1,0,0,558
2263,4,4,8,8,4-57,858,B-C,U,150,76,14,7,1,9,257,437,0,0,1,0,0,437
3529,9,4,11,12,4-89,945,B-C,U,103,178,12,1,5,4,303,420,0,0,1,0,0,420
2739,1,4,8,9,4-10,764,B-C,U,182,168,11,1,3,0,365,568,1,0,1,0,0,568
2364,4,4,8,8,4-81,902,B-C,U,144,152,21,9,0,17,343,648,1,0,1,0,0,648
37,1,4,1,1,4-18,782,B-C,R,79,136,4,2,1,13,235,461,0,0,1,0,1,461
54,1,4,1,1,4-24,794,B-C,R,135,114,11,4,6,18,288,532,1,0,1,0,1,532
2815,1,4,8,9,4-39,816,E,R,93,130,8,3,0,19,253,476,0,0,1,1,1,476
648,5,5,7,3,5-31,1399,B-C,U,121,168,9,4,2,6,310,431,0,0,1,0,0,431
673,3,5,3,3,5-6,1678,B-C,U,124,133,5,5,2,4,273,424,0,0,1,0,0,424
1575,5,5,5,5,5-78,3010,B-C,U,124,150,5,2,3,4,288,420,0,0,1,0,0,420
1617,5,5,5,5,5-83,3030,B-C,U,163,101,8,0,0,4,276,490,0,0,1,0,0,490
1411,5,5,7,5,5-39,1786,B-C,U,185,191,9,0,3,14,402,619,1,0,1,0,0,619
1414,5,5,5,5,5-66,1787,B-C,U,167,163,5,1,1,14,351,627,1,0,1,0,0,627
1602,5,5,5,5,5-81,3023,B-C,U,144,103,2,4,0,0,253,460,0,0,1,0,0,460
1467,5,5,5,5,5-76,1809,B-C,U,237,226,12,2,1,12,490,729,1,0,1,0,0,729
893,5,5,7,3,5-34,1778,B-C,U,213,223,12,2,6,15,471,713,0,0,1,0,0,713
1493,5,5,6,5,5-41,1825,B-C,U,163,102,7,1,1,10,284,433,0,0,1,0,0,433
654,3,5,3,3,5-1,1473,B-C,M,202,198,2,1,0,10,413,648,1,0,1,0,0,648
682,3,5,3,3,5-10,1681,B-C,U,222,220,9,2,2,14,469,734,0,1,1,0,0,734
1449,5,5,7,5,5-60,1802,B-C,U,187,227,8,3,2,11,438,625,1,0,1,0,0,625
1341,3,5,3,5,5-87,1477,B-C,M,204,142,9,3,2,16,376,734,0,1,1,0,0,734
710,3,5,3,3,5-9,1692,B-C,U,174,284,12,2,3,13,488,732,1,0,1,0,0,732
1683,11,6,21,6,6-43,1560,B-C,U,163,161,13,2,1,15,355,498,0,0,1,0,0,498
1665,11,6,6,6,6-65,1552,B-C,U,195,167,4,3,5,8,382,643,1,0,1,0,0,643
2063,6,6,4,7,6-28,1632,B-C,NA,214,192,8,2,1,15,432,743,0,1,1,0,0,743
2080,11,6,21,7,6-35,1634,B-C,U,211,237,6,4,1,11,470,749,0,1,1,0,0,749
1558,5,6,6,5,6-81,1856,B-C,U,190,228,7,4,2,8,439,730,1,0,1,0,0,730
1815,11,6,6,6,6-73,1639,B-C,U,230,126,5,2,2,15,380,622,1,0,1,0,0,622
2169,6,6,4,7,6-4,1661,B-C,M,288,161,3,3,0,13,468,626,1,0,1,0,0,626
2073,11,6,21,7,6-27,1633,B-C,U,191,191,14,6,0,8,410,703,1,0,1,0,0,703
1783,11,6,21,6,6-46,1614,B-C,U,200,223,22,4,3,12,464,725,0,1,1,0,0,725
2049,11,6,21,7,6-33,1631,B-C,U,154,173,10,7,2,19,365,671,1,0,1,0,0,671
2137,11,6,6,7,6-19,1646,B-C,U,171,155,5,3,0,11,345,643,1,0,1,0,0,643
1641,11,6,6,6,6-60,1537,B-C,U,133,224,10,4,2,13,386,599,1,0,1,0,0,599
1768,11,6,6,6,6-49,1613,B-C,U,211,219,14,3,1,15,463,739,1,0,1,0,0,739
2010,11,6,21,7,6-38,1563,B-C,U,142,165,10,3,0,11,331,470,0,0,1,0,0,470
1697,5,6,6,6,6-76,1574,B-C,U,150,201,8,1,2,16,378,559,1,0,1,0,0,559
1782,11,6,21,6,6-46,1614,B-C,U,183,252,12,3,3,8,461,725,0,1,1,0,0,725
1798,11,6,6,6,6-74,1626,B-C,U,167,232,17,5,2,19,442,708,1,0,1,0,0,708
1701,5,6,6,6,6-68,1576,B-C,U,186,277,9,3,7,14,496,720,0,0,1,0,0,720
2128,11,6,6,7,6-18,1644,B-C,U,225,146,5,6,1,7,390,724,1,0,1,0,0,724
2055,6,6,4,7,6-29,1632,B-C,NA,189,190,17,4,2,9,411,743,0,1,1,0,0,743
1652,5,6,6,6,6-66,1543,B-C,U,140,131,8,1,4,7,291,407,0,0,1,0,0,407
1531,5,6,6,5,6-79,1844,B-C,U,96,144,5,2,2,16,265,403,0,0,1,0,0,403
2142,11,6,21,7,6-22,1647,B-C,U,173,169,9,4,1,19,375,737,0,1,1,0,0,737
2155,11,6,6,7,6-10,1652,B-C,R,214,150,6,6,0,7,383,688,1,0,1,0,1,688
3012,7,7,10,10,7-36,2461,B-C,U,119,175,4,2,1,4,305,405,0,0,1,0,0,405
2419,9,7,13,8,7-62,2659,B-C,U,176,115,10,2,1,0,304,589,1,0,1,0,0,589
2900,13,7,13,10,7-15,2059,B-C,U,146,129,55,0,0,14,344,533,1,0,1,0,0,533
3052,7,7,10,10,7-43,2476,B-C,U,109,172,9,2,0,5,297,530,1,0,1,0,0,530
2425,9,7,13,8,7-61,2661,B-C,U,139,87,10,3,1,10,250,445,0,0,1,0,0,445
3175,9,7,13,10,7-88,2718,B-C,M,114,149,9,2,1,9,284,483,0,0,1,0,0,483
2844,7,7,10,10,7-4,2038,B-C,U,158,207,2,1,0,4,372,530,1,0,1,0,0,530
2915,13,7,13,10,7-16,2066,B-C,U,112,158,50,2,1,14,337,547,1,0,1,0,0,547
2986,7,7,10,10,7-33,2449,B-C,U,124,210,4,1,1,0,340,504,1,0,1,0,0,504
2852,7,7,10,10,7-5,2041,B-C,U,166,298,2,1,0,10,477,691,1,0,1,0,0,691
3048,7,7,10,10,7-39,2475,B-C,U,164,268,14,1,1,2,450,701,1,0,1,0,0,701
3129,9,7,13,10,7-66,2677,B-C,U,109,115,15,0,0,0,239,521,1,0,1,0,0,521
3122,9,7,13,10,7-65,2665,B-C,U,131,118,11,3,3,0,266,544,1,0,1,0,0,544
3041,7,7,10,10,7-38,2474,B-C,U,152,274,1,1,0,6,434,609,1,0,1,0,0,609
2400,9,7,13,8,7-59,2654,B-C,U,165,140,15,3,2,9,334,650,1,0,1,0,0,650
3028,7,7,10,10,7-40,2469,B-C,U,114,237,3,2,4,11,371,642,1,0,1,0,0,642
3186,9,7,13,10,7-93,2725,B-C,R,115,192,22,3,1,8,341,564,1,0,1,0,1,564
3155,9,7,13,10,7-83,2702,B-C,R,167,149,6,3,0,6,331,618,1,0,1,0,1,618
2493,9,7,13,8,7-79,2699,B-C,R,69,82,35,0,0,15,201,381,1,0,1,0,1,381
2487,9,7,13,8,7-80,2697,B-C,R,208,81,9,3,0,8,309,531,0,0,1,0,1,531
2951,13,7,13,10,7-24,2088,B-C,R,111,85,69,2,1,23,291,653,1,0,1,0,1,653
3000,7,7,10,10,7-56,2455,B-C,R,56,122,5,2,0,11,196,377,0,0,1,0,1,377
2509,9,7,13,8,7-100,2712,B-C,R,278,90,13,1,0,9,391,682,1,0,1,0,1,682
4295,8,8,17,14,8-28,2621,B-C,U,158,262,13,4,1,7,445,634,1,0,2,0,0,634
4273,8,8,17,14,8-35,2611,B-C,U,117,159,8,8,0,12,304,417,0,0,2,0,0,417
4260,8,8,14,14,8-51,2230,B-C,U,144,201,15,6,2,10,378,670,1,0,2,0,0,670
4338,8,8,17,14,8-23,2636,B-C,M,147,227,9,3,0,4,390,597,1,0,2,0,0,597
4634,8,8,17,15,8-13,2918,B-C,U,149,266,26,20,2,26,489,742,1,0,2,0,0,742
3992,8,8,14,13,8-94,2187,B-C,U,151,176,20,7,3,15,372,617,1,0,2,0,0,617
4109,8,8,14,14,8-76,2111,B-C,U,192,237,22,15,5,17,488,698,1,0,2,0,0,698
4057,8,8,14,13,8-61,2242,B-C,U,93,191,12,0,3,10,309,673,1,0,2,0,0,673
3948,8,8,14,13,8-71,2166,B-C,U,139,153,22,15,7,39,375,651,1,0,2,0,0,651
3979,8,8,14,13,8-90,2183,B-C,U,140,148,9,5,0,19,321,535,1,0,2,0,0,535
4276,8,8,17,14,8-21,2612,B-C,U,127,256,11,5,5,0,404,635,1,0,2,0,0,635
4041,8,8,14,13,8-59,2233,B-C,M,111,187,7,4,3,19,331,608,1,0,2,0,0,608
4263,8,8,14,14,8-88,2240,B-C,R,101,215,5,4,5,22,352,486,0,0,2,0,1,486
4069,8,8,14,13,8-64,2247,B-C,R,72,131,5,4,0,0,212,430,0,0,2,0,1,430
4087,8,8,14,13,8-57,2257,B-C,R,77,186,25,1,2,11,302,508,1,0,2,0,1,508
4326,8,8,17,14,8-25,2631,B-C,R,75,229,9,2,1,13,329,601,1,0,2,0,1,601
4049,8,8,14,13,8-53,2238,B-C,R,89,180,4,1,2,15,291,506,1,0,2,0,1,506
4098,8,8,14,13,8-52,2262,B-C,R,101,121,3,5,2,11,243,472,0,0,2,0,1,472
4213,8,8,14,14,8-38,2206,B-C,R,81,122,4,5,2,8,222,428,0,0,2,0,1,428
4045,8,8,14,13,8-103,2236,B-C,R,114,179,16,2,5,15,331,604,1,0,2,0,1,604
4333,8,8,17,14,8-34,2634,B-C,R,153,201,25,3,2,7,391,546,0,0,2,0,1,546
4093,8,8,14,13,8-64,2260,B-C,R,199,156,17,2,2,11,387,641,1,0,2,0,1,641
4335,8,8,17,14,8-34,2635,B-C,R,118,236,13,0,1,17,385,642,1,0,2,0,1,642
4082,8,8,14,13,8-54,2253,B-C,R,70,219,10,3,1,5,308,519,1,0,2,0,1,519
3202,9,9,11,11,9-30,934,B-C,U,157,212,16,3,2,14,404,592,1,0,1,0,0,592
3791,15,9,12,12,9-17,1168,B-C,M,176,112,3,1,2,6,300,571,1,0,1,0,0,571
3352,15,9,11,11,9-25,1078,B-C,U,194,178,14,5,5,14,410,722,0,1,1,0,0,722
3674,15,9,12,12,9-77,1059,B-C,U,200,192,21,3,7,7,430,708,0,1,1,0,0,708
3259,15,9,11,11,9-27,987,B-C,U,176,230,12,8,4,21,451,709,1,0,1,0,0,709
3794,15,9,12,12,9-17,1168,B-C,M,148,126,4,2,1,15,296,571,1,0,1,0,0,571
3266,15,9,12,11,9-61,994,B-C,U,158,116,13,5,3,15,310,581,1,0,1,0,0,581
3330,15,9,12,11,9-65,1065,B-C,U,144,125,5,0,1,12,287,535,1,0,1,0,0,535
3229,15,9,11,11,9-33,956,B-C,U,129,162,4,1,3,8,307,468,0,0,1,0,0,468
3371,15,9,12,11,9-56,1089,B-C,U,190,115,16,1,1,6,329,563,1,0,1,0,0,563
3782,15,9,12,12,9-20,1157,B-C,M,154,120,6,2,5,12,299,569,1,0,1,0,0,569
3210,9,9,11,11,9-29,937,B-C,U,186,216,19,6,8,21,456,743,1,0,1,0,0,743
3655,15,9,12,12,9-75,1046,B-C,U,168,121,10,4,3,8,314,495,0,0,1,0,0,495
3465,9,9,11,11,9-13,1154,B-C,U,237,126,18,6,1,9,397,618,1,0,1,0,0,618
3327,15,9,12,11,9-70,1064,B-C,U,141,154,23,4,3,10,335,541,1,0,1,0,0,541
3672,15,9,12,12,9-77,1059,B-C,U,170,160,11,3,2,10,356,708,0,1,1,0,0,708
3477,15,9,12,11,9-20,1162,B-C,M,125,228,3,0,1,12,369,626,1,0,1,0,0,626
3428,9,9,11,11,9-5,1122,B-C,R,63,239,4,4,1,17,328,590,1,0,1,0,1,590
3436,9,9,11,11,9-3,1130,B-C,R,40,65,4,0,1,0,110,546,1,0,1,0,1,546
