casilla_id,distrito_fed_17,distrito_fed_12,distrito_loc_17,distrito_loc_12,are,seccion,casilla,tipo_seccion,pri_pvem,pan_na,prd,pt,mc,otros,total,ln,tamano_md,tamano_gd,region,casilla_ex,rural,ln_total
1641,11,6,6,6,6-60,1537,B-C,U,133,224,10,4,2,13,386,599,1,0,1,0,0,599
4397,12,12,16,15,12-45,366,B-C,U,196,204,31,9,1,17,458,742,1,0,2,0,0,742
394,2,2,2,2,2-82,2535,B-C,R,192,123,31,13,0,16,375,601,1,0,2,0,1,601
6418,10,10,20,21,10-39,2328,B-C,U,90,221,13,4,3,14,345,656,1,0,2,0,0,656
2915,13,7,13,10,7-16,2066,B-C,U,112,158,50,2,1,14,337,547,1,0,1,0,0,547
4360,12,12,16,15,12-42,347,B-C,NA,150,204,37,7,4,15,417,720,0,1,2,0,0,720
5533,7,11,18,18,11-33,1972,B-C,R,167,121,2,0,1,11,302,438,0,0,1,0,1,438
5334,7,11,10,18,11-96,575,B-C,M,382,358,6,14,0,13,773,615,1,0,1,0,0,615
3529,9,4,11,12,4-89,945,B-C,U,103,178,12,1,5,4,303,420,0,0,1,0,0,420
9,1,4,1,1,4-1,754,B-C,U,159,196,13,10,8,13,399,664,1,0,1,0,0,664
2104,11,6,21,7,6-26,1642,B-C,U,193,193,7,4,3,7,407,708,0,1,1,0,0,708
6102,10,10,20,20,10-79,2962,B-C,U,117,184,17,26,5,11,360,557,1,0,2,0,0,557
2511,9,7,13,8,7-96,2714,B-C,M,198,171,5,0,2,6,382,684,1,0,1,0,0,684
6357,10,10,20,21,10-25,2291,B-C,R,49,163,6,15,3,10,246,448,0,0,2,0,1,448
4976,12,12,15,16,12-82,559,B-C,M,81,148,2,5,2,12,250,452,0,0,2,0,0,452
5807,13,13,19,19,13-75,2852,B-C,R,43,105,81,10,2,26,267,622,1,0,2,0,1,622
5658,13,11,18,19,11-51,925,B-C,R,172,152,80,8,0,18,430,674,1,0,1,0,1,674
1602,5,5,5,5,5-81,3023,B-C,U,144,103,2,4,0,0,253,460,0,0,1,0,0,460
4148,8,8,14,14,8-75,2136,B-C,U,159,157,8,12,4,9,349,549,1,0,2,0,0,549
2302,4,4,8,8,4-62,877,B-C,U,153,158,31,2,4,14,362,565,1,0,1,0,0,565
37,1,4,1,1,4-18,782,B-C,R,79,136,4,2,1,13,235,461,0,0,1,0,1,461
3781,15,9,12,12,9-21,1157,B-C,M,178,129,11,1,1,10,330,570,1,0,1,0,0,570
1414,5,5,5,5,5-66,1787,B-C,U,167,163,5,1,1,14,351,627,1,0,1,0,0,627
2591,2,2,9,9,2-12,167,B-C,U,112,129,24,6,8,25,304,437,0,0,2,0,0,437
3864,13,11,18,13,11-73,26,B-C,R,158,332,6,0,0,12,508,724,1,0,1,0,1,724
282,4,1,1,1,1-90,2441,B-C,R,94,132,8,3,0,21,258,527,1,0,1,0,1,527
682,3,5,3,3,5-10,1681,B-C,U,222,220,9,2,2,14,469,734,0,1,1,0,0,734
1084,3,3,3,4,3-11,1329,B-C,U,106,212,2,1,0,6,327,500,1,0,1,0,0,500
4379,12,12,16,15,12-43,347,B-C,NA,183,237,24,5,5,12,466,720,0,1,2,0,0,720
4270,8,8,17,14,8-35,2610,B-C,U,100,228,9,2,1,7,347,537,1,0,2,0,0,537
6626,14,14,22,22,14-74,652,B-C,U,90,174,43,15,0,13,335,454,0,0,2,0,0,454
4453,12,12,15,15,12-51,412,B-C,U,179,231,41,6,9,16,482,694,0,1,2,0,0,694
4673,12,12,16,16,12-39,336,B-C,U,148,195,37,4,9,14,407,727,0,1,2,0,0,727
2879,7,7,10,10,7-10,2048,B-C,R,107,219,2,3,0,7,338,569,1,0,1,0,1,569
5655,13,11,18,19,11-52,924,B-C,R,56,108,62,30,0,4,260,387,0,0,1,0,1,387
5928,10,10,20,20,10-3,1867,B-C,U,105,190,27,4,8,10,344,516,1,0,2,0,0,516
2493,9,7,13,8,7-79,2699,B-C,R,69,82,35,0,0,15,201,381,1,0,1,0,1,381
268,4,1,1,1,1-89,2432,B-C,R,149,184,11,2,1,18,365,661,0,0,1,0,1,661
1929,6,3,7,7,3-56,1406,B-C,U,151,147,3,1,1,12,315,454,0,0,1,0,0,454
244,4,1,1,1,1-83,2418,B-C,R,121,162,17,2,6,13,321,498,0,0,1,0,1,498
1697,5,6,6,6,6-76,1574,B-C,U,150,201,8,1,2,16,378,559,1,0,1,0,0,559
4403,12,12,15,15,12-47,367,B-C,U,108,131,16,5,2,10,272,450,0,0,2,0,0,450
5750,13,13,19,19,13-62,2831,B-C,U,108,221,63,5,8,15,420,730,1,0,2,0,0,730
113,4,1,1,1,1-63,2349,B-C,U,175,170,13,24,2,18,402,610,1,0,1,0,0,610
5318,7,11,10,18,11-99,567,B-C,M,134,206,8,8,1,10,367,568,1,0,1,0,0,568
3052,7,7,10,10,7-43,2476,B-C,U,109,172,9,2,0,5,297,530,1,0,1,0,0,530
4072,8,8,14,13,8-57,2248,B-C,R,106,257,15,3,1,12,394,698,1,0,2,0,1,698
1798,11,6,6,6,6-74,1626,B-C,U,167,232,17,5,2,19,442,708,1,0,1,0,0,708
3229,15,9,11,11,9-33,956,B-C,U,129,162,4,1,3,8,307,468,0,0,1,0,0,468
63,1,4,1,1,4-25,797,E,R,116,96,5,2,0,12,231,333,1,0,1,1,1,333
2031,11,6,21,7,6-39,1618,B-C,U,140,134,9,4,3,11,301,476,0,0,1,0,0,476
2355,4,4,8,8,4-80,899,B-C,M,132,175,14,3,5,15,344,619,1,0,1,0,0,619
2137,11,6,6,7,6-19,1646,B-C,U,171,155,5,3,0,11,345,643,1,0,1,0,0,643
6324,10,10,20,21,10-18,2275,B-C,U,146,174,38,5,4,19,386,665,1,0,2,0,0,665
6224,10,13,19,21,13-29,682,B-C,U,179,204,22,2,2,14,423,657,1,0,2,0,0,657
4597,12,13,15,15,13-16,540,B-C,R,85,163,4,3,2,13,270,464,0,0,2,0,1,464
3699,15,9,12,12,9-83,1093,B-C,U,204,186,18,0,2,5,415,658,1,0,1,0,0,658
6042,10,10,20,20,10-66,2804,B-C,U,156,283,13,3,4,7,466,706,1,0,2,0,0,706
1070,6,3,7,4,3-30,1323,B-C,U,190,163,5,1,4,4,367,639,1,0,1,0,0,639
5015,14,14,22,17,14-42,257,B-C,U,81,108,9,4,98,10,310,508,1,0,2,0,0,508
4093,8,8,14,13,8-64,2260,B-C,R,199,156,17,2,2,11,387,641,1,0,2,0,1,641
2305,4,4,8,8,4-65,878,B-C,M,183,231,31,2,3,10,460,748,0,1,1,0,0,748
3202,9,9,11,11,9-30,934,B-C,U,157,212,16,3,2,14,404,592,1,0,1,0,0,592
5128,14,14,9,17,14-66,313,E,R,132,138,8,5,1,6,290,488,1,0,2,1,1,488
5822,13,13,19,19,13-78,2859,B-C,R,56,111,58,4,0,19,248,414,0,0,2,0,1,414
1701,5,6,6,6,6-68,1576,B-C,U,186,277,9,3,7,14,496,720,0,0,1,0,0,720
4100,8,8,14,14,8-65,2109,B-C,M,152,153,22,14,7,14,362,525,1,0,2,0,0,525
6466,14,14,22,22,14-3,58,B-C,U,91,137,60,5,10,16,319,635,1,0,2,0,0,635
744,3,5,7,3,5-25,1707,B-C,U,175,217,15,1,4,12,424,601,0,0,1,0,0,601
2354,4,4,8,8,4-74,898,B-C,U,194,192,19,5,2,13,425,662,1,0,1,0,0,662
1111,3,3,7,4,3-33,1340,B-C,U,161,227,3,1,3,4,399,660,1,0,1,0,0,660
321,1,2,2,2,2-96,750,B-C,R,99,168,13,1,24,31,336,479,0,0,2,0,1,479
559,1,2,2,2,2-92,2783,B-C,R,117,268,160,4,3,22,574,726,1,0,2,0,1,726
671,3,5,3,3,5-5,1677,B-C,U,183,148,10,4,4,13,362,661,1,0,1,0,0,661
1864,6,3,7,7,3-42,1365,B-C,U,179,207,15,2,2,12,417,653,1,0,1,0,0,653
2525,2,2,9,9,2-1,141,B-C,M,149,131,7,6,0,25,318,632,1,0,2,0,0,632
4082,8,8,14,13,8-54,2253,B-C,R,70,219,10,3,1,5,308,519,1,0,2,0,1,519
6007,10,10,20,20,10-63,2791,B-C,U,160,221,14,2,1,15,413,725,1,0,2,0,0,725
4500,12,13,15,15,13-6,468,B-C,U,126,193,18,8,3,10,358,532,1,0,2,0,0,532
279,4,1,1,1,1-91,2439,B-C,R,100,138,5,3,0,13,259,531,1,0,1,0,1,531
4326,8,8,17,14,8-25,2631,B-C,R,75,229,9,2,1,13,329,601,1,0,2,0,1,601
4362,12,12,16,15,12-42,347,B-C,NA,171,189,27,4,6,16,413,720,0,1,2,0,0,720
1990,6,3,21,7,3-65,1453,S,U,24,60,10,1,3,2,100,0,1,0,1,0,0,100
6630,14,14,22,22,14-75,654,B-C,M,144,232,66,20,1,21,484,731,1,0,2,0,0,731
2496,9,7,13,8,7-82,2703,B-C,U,98,225,6,1,0,11,341,559,1,0,1,0,0,559
3021,7,7,10,10,7-37,2466,S,U,95,130,17,2,1,10,255,0,1,0,1,0,0,255
5535,7,11,18,18,11-5,1973,B-C,R,67,148,12,21,1,34,283,585,1,0,1,0,1,585
2852,7,7,10,10,7-5,2041,B-C,U,166,298,2,1,0,10,477,691,1,0,1,0,0,691
4276,8,8,17,14,8-21,2612,B-C,U,127,256,11,5,5,0,404,635,1,0,2,0,0,635
701,3,5,3,3,5-10,1688,B-C,U,120,156,8,1,0,8,293,462,0,0,1,0,0,462
3186,9,7,13,10,7-93,2725,B-C,R,115,192,22,3,1,8,341,564,1,0,1,0,1,564
1116,3,3,7,4,3-34,1342,B-C,U,154,223,11,2,0,9,399,678,1,0,1,0,0,678
1933,6,3,7,7,3-58,1409,B-C,U,168,186,8,3,1,9,375,607,1,0,1,0,0,607
1012,3,3,3,4,3-10,1303,B-C,U,200,180,8,3,2,11,404,557,1,0,1,0,0,557
1110,3,3,7,4,3-33,1339,B-C,U,157,195,2,2,1,13,370,589,1,0,1,0,0,589
1142,3,3,7,4,3-34,1356,B-C,U,153,274,8,0,3,12,450,692,1,0,1,0,0,692
2637,2,2,9,9,2-34,188,B-C,R,114,165,6,0,3,23,311,532,1,0,2,0,1,532
5774,13,13,19,19,13-67,2841,B-C,U,47,151,94,3,5,30,330,593,1,0,2,0,0,593
5362,7,11,10,18,11-101,597,B-C,R,135,116,9,12,1,10,283,548,1,0,1,0,1,548
543,1,1,2,2,1-18,2604,B-C,M,178,305,4,1,1,5,494,666,1,0,2,0,0,666
5180,2,2,17,17,2-54,613,S,U,37,57,7,0,2,3,106,0,1,0,2,0,0,106
5479,7,11,18,18,11-36,1943,B-C,R,124,124,4,3,1,12,268,553,1,0,1,0,1,553
1575,5,5,5,5,5-78,3010,B-C,U,124,150,5,2,3,4,288,420,0,0,1,0,0,420
3421,15,9,11,11,9-49,1108,B-C,U,136,171,6,1,0,0,314,569,1,0,1,0,0,569
3610,15,4,12,12,4-93,997,B-C,U,178,143,15,5,1,18,360,558,1,0,1,0,0,558
1558,5,6,6,5,6-81,1856,B-C,U,190,228,7,4,2,8,439,730,1,0,1,0,0,730
2796,1,4,1,9,4-28,808,B-C,R,88,198,4,4,5,10,309,540,1,0,1,0,1,540
2615,2,2,9,9,2-15,175,S,M,37,53,10,1,2,4,107,0,1,0,2,0,0,107
3395,15,9,11,11,9-49,1099,B-C,U,171,184,8,5,2,13,383,684,0,1,1,0,0,684
6234,10,13,19,21,13-28,686,B-C,U,167,220,24,2,2,9,424,622,1,0,2,0,0,622
3510,9,9,11,12,9-24,930,B-C,U,178,140,13,2,3,14,350,692,1,0,1,0,0,692
817,5,5,5,3,5-55,1741,B-C,U,190,132,8,2,2,10,344,649,1,0,1,0,0,649
3175,9,7,13,10,7-88,2718,B-C,M,114,149,9,2,1,9,284,483,0,0,1,0,0,483
1212,6,3,4,4,3-73,1486,B-C,R,343,159,8,4,0,38,552,717,0,0,1,0,1,717
689,3,5,3,3,5-7,1682,B-C,U,146,180,9,1,4,3,343,478,0,0,1,0,0,478
2049,11,6,21,7,6-33,1631,B-C,U,154,173,10,7,2,19,365,671,1,0,1,0,0,671
6193,10,13,19,21,13-22,668,B-C,U,193,267,28,9,2,12,511,743,1,0,2,0,0,743
1014,3,3,3,4,3-12,1304,B-C,U,170,227,15,6,7,14,439,707,1,0,1,0,0,707
1531,5,6,6,5,6-79,1844,B-C,U,96,144,5,2,2,16,265,403,0,0,1,0,0,403
5260,14,10,15,17,10-49,2744,B-C,U,114,186,37,3,0,18,358,589,1,0,2,0,0,589
3428,9,9,11,11,9-5,1122,B-C,R,63,239,4,4,1,17,328,590,1,0,1,0,1,590
1179,20,3,21,4,3-67,1392,B-C,NA,206,209,17,8,7,18,465,734,0,1,1,0,0,734
893,5,5,7,3,5-34,1778,B-C,U,213,223,12,2,6,15,471,713,0,0,1,0,0,713
4755,12,12,16,16,12-29,373,B-C,U,150,134,13,4,1,0,302,517,1,0,2,0,0,517
630,3,5,3,3,5-1,1269,B-C,M,171,167,8,3,2,14,365,630,1,0,1,0,0,630
2128,11,6,6,7,6-18,1644,B-C,U,225,146,5,6,1,7,390,724,1,0,1,0,0,724
654,3,5,3,3,5-1,1473,B-C,M,202,198,2,1,0,10,413,648,1,0,1,0,0,648
2055,6,6,4,7,6-29,1632,B-C,NA,189,190,17,4,2,9,411,743,0,1,1,0,0,743
4634,8,8,17,15,8-13,2918,B-C,U,149,266,26,20,2,26,489,742,1,0,2,0,0,742
1094,6,3,7,4,3-30,1334,B-C,U,166,138,4,1,2,8,319,593,1,0,1,0,0,593
5355,7,11,10,18,11-105,592,B-C,R,74,128,4,2,1,14,223,335,0,0,1,0,1,335
2986,7,7,10,10,7-33,2449,B-C,U,124,210,4,1,1,0,340,504,1,0,1,0,0,504
5387,13,11,10,18,11-84,722,B-C,U,125,136,36,4,0,14,315,482,0,0,1,0,0,482
1871,6,3,7,7,3-41,1366,B-C,U,136,171,2,2,1,6,318,585,1,0,1,0,0,585
3872,13,11,18,13,11-72,31,B-C,R,26,286,3,1,0,4,320,514,1,0,1,0,1,514
656,3,5,3,3,5-5,1478,B-C,R,172,244,8,4,2,11,441,628,0,0,1,0,1,628
3948,8,8,14,13,8-71,2166,B-C,U,139,153,22,15,7,39,375,651,1,0,2,0,0,651
5061,14,14,22,17,14-53,285,B-C,R,108,74,9,2,25,9,227,402,0,0,2,0,1,402
40,1,4,1,1,4-17,785,B-C,R,138,122,8,6,1,6,281,559,1,0,1,0,1,559
6033,10,10,20,20,10-69,2801,B-C,U,149,244,19,1,2,16,431,671,1,0,2,0,0,671
5883,13,13,19,19,13-98,2880,B-C,R,24,138,73,2,0,16,253,640,1,0,2,0,1,640
1367,5,5,5,5,5-52,1493,B-C,U,181,135,7,2,2,18,345,674,1,0,1,0,0,674
2257,4,4,8,8,4-53,855,B-C,U,159,119,30,6,1,18,333,553,1,0,1,0,0,553
4045,8,8,14,13,8-103,2236,B-C,R,114,179,16,2,5,15,331,604,1,0,2,0,1,604
1411,5,5,7,5,5-39,1786,B-C,U,185,191,9,0,3,14,402,619,1,0,1,0,0,619
6072,10,10,20,20,10-77,2949,B-C,U,161,173,15,27,10,17,403,652,1,0,2,0,0,652
3832,13,11,18,13,11-63,11,B-C,U,186,255,11,2,6,7,467,681,1,0,1,0,0,681
4955,12,12,15,16,12-79,549,B-C,R,59,214,3,2,0,9,287,430,0,0,2,0,1,430
3371,15,9,12,11,9-56,1089,B-C,U,190,115,16,1,1,6,329,563,1,0,1,0,0,563
4962,12,12,15,16,12-81,553,B-C,U,54,171,2,0,1,10,238,454,0,0,2,0,0,454
797,5,5,5,3,5-47,1733,B-C,U,165,175,4,3,2,18,367,618,1,0,1,0,0,618
300,1,2,2,2,2-93,740,B-C,U,186,244,30,2,24,15,501,690,1,0,2,0,0,690
4295,8,8,17,14,8-28,2621,B-C,U,158,262,13,4,1,7,445,634,1,0,2,0,0,634
3465,9,9,11,11,9-13,1154,B-C,U,237,126,18,6,1,9,397,618,1,0,1,0,0,618
4073,8,8,14,13,8-54,2249,B-C,R,79,181,11,1,0,18,290,545,1,0,2,0,1,545
5231,2,2,17,17,2-62,637,B-C,R,55,204,13,4,3,15,294,504,1,0,2,0,1,504
2080,11,6,21,7,6-35,1634,B-C,U,211,237,6,4,1,11,470,749,0,1,1,0,0,749
4887,2,12,16,16,12-65,500,B-C,U,148,244,10,5,1,12,420,649,1,0,2,0,0,649
3595,15,9,12,12,9-60,983,B-C,U,122,143,6,5,0,3,279,431,0,0,1,0,0,431
1180,20,3,21,4,3-70,1392,B-C,NA,171,247,19,4,3,12,456,733,0,1,1,0,0,733
2844,7,7,10,10,7-4,2038,B-C,U,158,207,2,1,0,4,372,530,1,0,1,0,0,530
348,2,2,2,2,2-84,2514,B-C,U,191,163,77,14,4,6,455,663,1,0,2,0,0,663
4273,8,8,17,14,8-35,2611,B-C,U,117,159,8,8,0,12,304,417,0,0,2,0,0,417
5692,13,13,19,19,13-49,1191,B-C,R,158,244,11,3,0,12,428,678,1,0,2,0,1,678
1467,5,5,5,5,5-76,1809,B-C,U,237,226,12,2,1,12,490,729,1,0,1,0,0,729
3640,15,4,12,12,4-95,1028,B-C,U,244,144,11,2,5,2,408,681,1,0,1,0,0,681
2400,9,7,13,8,7-59,2654,B-C,U,165,140,15,3,2,9,334,650,1,0,1,0,0,650
4395,12,12,16,15,12-40,364,B-C,U,147,167,27,7,5,12,365,521,1,0,2,0,0,521
5386,13,11,10,18,11-88,721,B-C,U,172,144,66,3,0,8,393,630,0,0,1,0,0,630
1791,11,6,6,6,6-71,1623,B-C,U,222,152,7,1,2,15,399,638,1,0,1,0,0,638
1002,6,3,4,4,3-20,1298,B-C,U,199,173,16,4,1,15,408,744,1,0,1,0,0,744
2010,11,6,21,7,6-38,1563,B-C,U,142,165,10,3,0,11,331,470,0,0,1,0,0,470
562,1,2,2,2,2-89,2784,B-C,R,68,304,42,0,1,13,428,587,1,0,2,0,1,587
4164,8,8,14,14,8-84,2147,B-C,U,127,105,19,15,7,8,281,410,0,0,2,0,0,410
3500,15,9,11,11,9-16,1172,B-C,R,114,156,6,0,0,24,300,569,1,0,1,0,1,569
6601,14,14,22,22,14-15,127,B-C,R,34,56,81,8,1,24,204,454,0,0,2,0,1,454
4869,12,12,15,16,12-15,482,B-C,U,184,151,21,6,8,18,388,740,1,0,2,0,0,740
3481,15,9,11,11,9-22,1164,B-C,R,121,184,7,3,0,9,324,609,1,0,1,0,1,609
3888,13,11,18,13,11-66,38,B-C,R,126,325,12,1,3,17,484,704,1,0,1,0,1,704
5435,7,11,18,18,11-43,1919,B-C,U,183,250,9,0,3,10,455,662,0,0,1,0,0,662
734,3,5,3,3,5-24,1701,B-C,U,175,162,9,3,4,7,360,526,1,0,1,0,0,526
5914,10,10,20,20,10-1,1859,B-C,U,110,179,31,2,6,12,340,560,1,0,2,0,0,560
5738,13,13,19,19,13-59,2825,B-C,U,50,184,43,3,2,15,297,507,1,0,2,0,0,507
5781,13,13,19,19,13-68,2843,B-C,U,25,155,76,1,1,18,276,584,1,0,2,0,0,584
3898,13,11,18,13,11-59,44,B-C,R,54,158,5,4,4,7,232,382,0,0,1,0,1,382
449,1,1,2,2,1-46,2557,B-C,U,140,148,12,8,2,21,331,566,1,0,2,0,0,566
535,1,1,2,2,1-56,2601,B-C,R,169,134,12,3,2,15,335,579,1,0,2,0,1,579
6366,10,10,20,21,10-27,2298,B-C,U,62,183,5,0,3,12,265,445,0,0,2,0,0,445
6641,14,14,22,22,14-74,660,B-C,R,133,245,72,3,0,12,465,723,1,0,2,0,1,723
4041,8,8,14,13,8-59,2233,B-C,M,111,187,7,4,3,19,331,608,1,0,2,0,0,608
4109,8,8,14,14,8-76,2111,B-C,U,192,237,22,15,5,17,488,698,1,0,2,0,0,698
2155,11,6,6,7,6-10,1652,B-C,R,214,150,6,6,0,7,383,688,1,0,1,0,1,688
6310,10,10,20,21,10-17,2268,B-C,U,106,169,30,9,5,23,342,639,1,0,2,0,0,639
5666,13,13,19,19,13-44,1178,B-C,M,167,213,14,2,4,14,414,554,1,0,2,0,0,554
5994,10,10,20,20,10-46,2650,B-C,R,135,196,1,2,0,6,340,502,0,0,2,0,1,502
5640,13,11,18,19,11-54,917,B-C,U,169,132,43,14,2,14,374,563,1,0,1,0,0,563
5737,13,13,19,19,13-59,2825,B-C,U,45,203,59,4,3,20,334,507,1,0,2,0,0,507
6436,10,10,20,21,10-41,2337,B-C,R,50,122,21,9,0,16,218,487,0,0,2,0,1,487
3303,15,9,12,11,9-47,1038,B-C,U,214,203,15,3,5,7,447,697,1,0,1,0,0,697
4770,12,12,15,16,12-2,391,B-C,U,145,168,11,3,1,12,340,488,0,0,2,0,0,488
6561,14,14,22,22,14-26,104,B-C,R,76,97,53,3,4,29,262,512,1,0,2,0,1,512
4780,12,12,16,16,12-20,400,B-C,U,187,209,12,4,0,14,426,521,1,0,2,0,0,521
1535,5,5,5,5,5-72,1846,B-C,U,173,168,8,2,4,10,365,607,1,0,1,0,0,607
1783,11,6,21,6,6-46,1614,B-C,U,200,223,22,4,3,12,464,725,0,1,1,0,0,725
6647,14,14,22,22,14-78,1205,B-C,U,98,176,87,0,4,24,389,603,1,0,2,0,0,603
710,3,5,3,3,5-9,1692,B-C,U,174,284,12,2,3,13,488,732,1,0,1,0,0,732
5600,7,11,18,18,11-17,2007,B-C,R,81,110,5,1,0,3,200,544,1,0,1,0,1,544
767,3,5,7,3,5-21,1718,B-C,U,155,191,7,1,1,11,366,599,1,0,1,0,0,599
2900,13,7,13,10,7-15,2059,B-C,U,146,129,55,0,0,14,344,533,1,0,1,0,0,533
4951,12,12,15,16,12-78,546,B-C,R,185,221,19,2,4,17,448,700,1,0,2,0,1,700
4911,2,12,16,16,12-67,511,B-C,R,118,148,21,4,4,7,302,548,1,0,2,0,1,548
5065,14,14,22,17,14-52,287,B-C,R,80,61,8,7,83,25,264,450,0,0,2,0,1,450
2263,4,4,8,8,4-57,858,B-C,U,150,76,14,7,1,9,257,437,0,0,1,0,0,437
5184,2,2,17,17,2-55,615,B-C,U,110,229,9,2,9,1,360,669,1,0,2,0,0,669
5186,2,2,17,17,2-50,616,B-C,U,75,199,11,0,4,4,293,517,1,0,2,0,0,517
6233,10,13,19,21,13-28,686,B-C,U,162,236,17,2,1,11,429,622,1,0,2,0,0,622
6479,14,14,22,22,14-6,65,B-C,M,107,118,46,8,5,21,305,563,1,0,2,0,0,563
3477,15,9,12,11,9-20,1162,B-C,M,125,228,3,0,1,12,369,626,1,0,1,0,0,626
3756,9,4,11,12,4-105,1137,B-C,M,134,217,8,5,1,18,383,587,1,0,1,0,0,587
2363,4,4,8,8,4-81,902,B-C,U,150,173,16,7,2,8,356,648,1,0,1,0,0,648
1128,6,3,7,4,3-38,1349,B-C,U,207,238,9,5,4,14,477,676,1,0,1,0,0,676
4335,8,8,17,14,8-34,2635,B-C,R,118,236,13,0,1,17,385,642,1,0,2,0,1,642
3979,8,8,14,13,8-90,2183,B-C,U,140,148,9,5,0,19,321,535,1,0,2,0,0,535
3061,7,7,10,10,7-45,2477,B-C,U,123,269,4,1,0,5,402,701,0,1,1,0,0,701
270,4,1,1,1,1-92,2434,B-C,R,172,55,11,3,1,11,253,386,0,0,1,0,1,386
1366,5,5,5,5,5-52,1493,B-C,U,182,168,5,0,1,7,363,674,1,0,1,0,0,674
1652,5,6,6,6,6-66,1543,B-C,U,140,131,8,1,4,7,291,407,0,0,1,0,0,407
3934,8,8,14,13,8-68,2134,B-C,U,165,221,19,13,4,10,432,593,1,0,2,0,0,593
2063,6,6,4,7,6-28,1632,B-C,NA,214,192,8,2,1,15,432,743,0,1,1,0,0,743
3122,9,7,13,10,7-65,2665,B-C,U,131,118,11,3,3,0,266,544,1,0,1,0,0,544
3916,13,8,18,13,8-2,2028,B-C,M,144,222,22,1,16,18,423,630,1,0,1,0,0,630
4688,12,12,16,16,12-31,338,B-C,U,141,205,28,10,8,13,405,616,1,0,2,0,0,616
843,5,5,5,3,5-62,1753,B-C,U,159,167,10,4,2,5,347,530,1,0,1,0,0,530
1815,11,6,6,6,6-73,1639,B-C,U,230,126,5,2,2,15,380,622,1,0,1,0,0,622
6216,10,13,19,21,13-25,678,B-C,U,95,160,14,1,5,9,284,400,0,0,2,0,0,400
990,3,3,3,4,3-16,1295,B-C,U,193,166,4,7,2,10,382,597,1,0,1,0,0,597
894,3,5,3,4,5-3,1261,B-C,M,202,121,9,5,1,6,344,612,1,0,1,0,0,612
6030,10,10,20,20,10-68,2799,B-C,U,136,172,11,7,0,9,335,598,1,0,2,0,0,598
1026,3,3,4,4,3-22,1307,B-C,U,180,210,7,1,0,6,404,629,1,0,1,0,0,629
4662,8,8,17,15,8-17,2930,B-C,U,120,224,6,1,3,10,364,576,1,0,2,0,0,576
6605,14,14,22,22,14-31,130,B-C,R,66,74,120,9,1,45,315,600,0,0,2,0,1,600
6229,10,13,19,21,13-30,684,B-C,U,158,198,26,3,2,14,401,630,1,0,2,0,0,630
3038,7,7,10,10,7-42,2473,B-C,U,107,192,6,0,0,10,315,516,1,0,1,0,0,516
3639,15,4,12,12,4-97,1027,B-C,U,106,135,6,4,1,11,263,422,0,0,1,0,0,422
1683,11,6,21,6,6-43,1560,B-C,U,163,161,13,2,1,15,355,498,0,0,1,0,0,498
2695,2,2,9,9,2-23,222,B-C,R,60,145,7,4,1,15,232,457,0,0,2,0,1,457
4808,12,12,16,16,12-19,427,B-C,U,117,91,11,7,4,7,237,387,0,0,2,0,0,387
574,1,1,2,2,1-21,2892,B-C,M,130,223,47,2,0,10,412,564,1,0,2,0,0,564
6343,10,10,20,21,10-22,2285,B-C,M,124,197,16,7,1,14,359,647,1,0,2,0,0,647
6173,10,10,20,20,10-97,3002,B-C,R,85,84,14,8,0,21,212,432,0,0,2,0,1,432
2706,2,2,9,9,2-47,229,B-C,R,93,78,9,4,0,11,195,449,0,0,2,0,1,449
5871,13,13,19,19,13-83,2876,B-C,M,31,63,80,7,0,11,192,388,1,0,2,0,0,388
3155,9,7,13,10,7-83,2702,B-C,R,167,149,6,3,0,6,331,618,1,0,1,0,1,618
1289,6,3,4,4,3-88,1509,B-C,R,311,125,1,2,0,17,456,717,1,0,1,0,1,717
3259,15,9,11,11,9-27,987,B-C,U,176,230,12,8,4,21,451,709,1,0,1,0,0,709
3048,7,7,10,10,7-39,2475,B-C,U,164,268,14,1,1,2,450,701,1,0,1,0,0,701
2142,11,6,21,7,6-22,1647,B-C,U,173,169,9,4,1,19,375,737,0,1,1,0,0,737
2646,2,2,9,9,2-31,193,B-C,R,95,136,8,0,1,14,254,604,0,0,2,0,1,604
5568,7,11,18,18,11-8,1988,B-C,U,118,212,22,3,1,35,391,749,1,0,1,0,0,749
3754,9,4,11,12,4-105,1136,B-C,R,134,265,5,3,1,22,430,662,1,0,1,0,1,662
498,1,1,2,2,1-52,2585,B-C,R,154,158,12,3,3,23,353,580,1,0,2,0,1,580
848,5,5,7,3,5-29,1755,B-C,U,134,177,12,5,3,6,337,481,0,0,1,0,0,481
5721,13,13,19,19,13-56,2818,B-C,U,76,255,65,2,4,19,421,672,1,0,2,0,0,672
2632,2,2,9,9,2-16,185,B-C,U,173,119,6,2,3,19,322,652,1,0,2,0,0,652
3517,9,4,11,12,4-88,932,B-C,U,168,301,27,1,7,11,515,671,1,0,1,0,0,671
3191,9,7,13,10,7-94,2728,B-C,R,149,120,7,1,0,12,289,508,1,0,1,0,1,508
2791,1,4,1,9,4-29,804,B-C,R,125,131,6,1,1,5,269,472,1,0,1,0,1,472
590,1,1,2,2,1-28,2903,B-C,R,159,151,50,3,3,17,383,541,1,0,2,0,1,541
1819,5,6,6,6,6-11,1648,B-C,R,137,175,9,2,0,9,332,529,0,0,1,0,1,529
1782,11,6,21,6,6-46,1614,B-C,U,183,252,12,3,3,8,461,725,0,1,1,0,0,725
1449,5,5,7,5,5-60,1802,B-C,U,187,227,8,3,2,11,438,625,1,0,1,0,0,625
3000,7,7,10,10,7-56,2455,B-C,R,56,122,5,2,0,11,196,377,0,0,1,0,1,377
4323,8,8,17,14,8-20,2630,E,R,134,164,20,5,3,19,345,454,1,0,2,1,1,454
135,4,1,1,1,1-62,2361,B-C,R,62,151,2,6,0,0,221,379,0,0,1,0,1,379
2183,11,6,6,7,6-2,1668,B-C,R,213,132,32,7,3,40,427,744,1,0,1,0,1,744
251,4,1,1,1,1-83,2422,B-C,R,130,112,10,4,2,15,273,506,1,0,1,0,1,506
452,1,1,2,2,1-47,2558,B-C,U,160,141,12,11,2,0,326,636,1,0,2,0,0,636
4520,12,13,15,15,13-9,480,B-C,U,165,153,11,7,3,7,346,649,1,0,2,0,0,649
1433,5,5,5,5,5-68,1794,B-C,U,199,206,13,3,2,9,432,701,0,1,1,0,0,701
2554,2,2,9,9,2-8,153,B-C,U,136,167,23,3,4,7,340,561,1,0,2,0,0,561
3327,15,9,12,11,9-70,1064,B-C,U,141,154,23,4,3,10,335,541,1,0,1,0,0,541
5421,7,11,18,18,11-43,1913,B-C,U,176,190,3,7,1,13,390,645,1,0,1,0,0,645
639,3,5,3,3,5-14,1282,B-C,U,230,285,9,2,1,9,536,706,0,1,1,0,0,706
5489,7,11,18,18,11-34,1949,B-C,R,73,139,4,2,1,21,240,444,0,0,1,0,1,444
2708,2,2,9,9,2-44,230,B-C,R,44,99,6,2,1,17,169,392,0,0,2,0,1,392
3041,7,7,10,10,7-38,2474,B-C,U,152,274,1,1,0,6,434,609,1,0,1,0,0,609
5930,10,10,20,20,10-3,1868,B-C,U,100,190,12,0,6,10,318,463,0,0,2,0,0,463
4087,8,8,14,13,8-57,2257,B-C,R,77,186,25,1,2,11,302,508,1,0,2,0,1,508
1408,5,5,5,5,5-61,1784,B-C,U,129,139,6,3,3,6,286,476,0,0,1,0,0,476
1232,3,3,4,4,3-80,1496,B-C,NA,122,120,4,4,3,3,256,746,0,1,1,0,0,746
1922,6,3,7,7,3-49,1398,B-C,U,139,208,6,1,1,6,361,529,1,0,1,0,0,529
564,1,2,2,2,2-91,2785,B-C,R,103,212,94,0,0,12,421,550,1,0,2,0,1,550
6188,10,13,19,21,13-21,666,B-C,U,125,140,34,7,2,6,314,525,1,0,2,0,0,525
1187,20,3,21,4,3-68,1392,B-C,NA,204,238,11,1,5,12,471,734,0,1,1,0,0,734
4069,8,8,14,13,8-64,2247,B-C,R,72,131,5,4,0,0,212,430,0,0,2,0,1,430
4856,12,12,15,16,12-14,471,B-C,U,195,212,20,6,8,16,457,738,1,0,2,0,0,738
3012,7,7,10,10,7-36,2461,B-C,U,119,175,4,2,1,4,305,405,0,0,1,0,0,405
2805,1,4,8,9,4-36,811,B-C,R,117,147,5,1,2,21,293,524,1,0,1,0,1,524
5067,14,14,9,17,14-54,288,B-C,U,195,198,14,5,4,15,431,714,1,0,2,0,0,714
5796,13,13,19,19,13-71,2848,B-C,R,43,79,113,4,2,21,262,514,1,0,2,0,1,514
6719,14,14,22,22,14-96,1255,B-C,M,113,102,17,2,0,15,249,431,0,0,2,0,0,431
572,1,1,2,2,1-21,2892,B-C,M,136,229,51,2,2,10,430,564,1,0,2,0,0,564
393,2,2,2,2,2-82,2534,B-C,R,178,62,10,4,0,1,255,423,0,0,2,0,1,423
3674,15,9,12,12,9-77,1059,B-C,U,200,192,21,3,7,7,430,708,0,1,1,0,0,708
2364,4,4,8,8,4-81,902,B-C,U,144,152,21,9,0,17,343,648,1,0,1,0,0,648
2073,11,6,21,7,6-27,1633,B-C,U,191,191,14,6,0,8,410,703,1,0,1,0,0,703
3791,15,9,12,12,9-17,1168,B-C,M,176,112,3,1,2,6,300,571,1,0,1,0,0,571
6388,10,10,20,21,10-33,2312,B-C,U,83,203,19,2,2,13,322,502,1,0,2,0,0,502
6012,10,10,20,20,10-65,2793,B-C,U,140,243,26,3,1,16,429,682,1,0,2,0,0,682
1764,11,6,6,6,6-51,1612,B-C,U,170,127,4,3,1,10,315,544,1,0,1,0,0,544
4153,8,8,14,14,8-82,2139,B-C,U,100,129,10,7,3,8,257,388,0,0,2,0,0,388
5580,7,11,18,18,11-10,1995,B-C,U,65,101,13,0,1,8,188,416,0,0,1,0,0,416
5350,7,11,10,18,11-102,587,B-C,R,153,63,1,1,0,4,222,391,0,0,1,0,1,391
3129,9,7,13,10,7-66,2677,B-C,U,109,115,15,0,0,0,239,521,1,0,1,0,0,521
1146,3,3,7,4,3-47,1360,B-C,U,121,150,4,4,2,15,296,514,1,0,1,0,0,514
1242,3,3,4,4,3-78,1496,B-C,NA,183,121,3,1,0,6,314,746,0,1,1,0,0,746
3876,13,11,18,13,11-72,33,B-C,M,142,324,2,2,1,7,478,651,0,0,1,0,0,651
3495,15,9,12,11,9-18,1170,B-C,M,138,132,5,4,2,10,291,532,1,0,1,0,0,532
5122,14,14,9,17,14-67,311,B-C,R,375,97,9,2,2,12,497,721,1,0,2,0,1,721
6370,10,10,20,21,10-34,2300,B-C,R,117,137,22,6,2,20,304,557,0,0,2,0,1,557
2568,2,2,9,9,2-13,157,B-C,U,211,195,18,14,7,21,466,685,1,0,2,0,0,685
5546,7,11,18,18,11-32,1977,B-C,R,167,146,20,9,1,15,358,571,1,0,1,0,1,571
72,1,4,8,1,4-33,805,B-C,R,163,105,7,7,1,14,297,559,1,0,1,0,1,559
264,4,1,1,1,1-77,2429,B-C,R,184,194,43,3,2,22,448,478,0,0,1,0,1,478
5159,14,14,9,17,14-72,328,B-C,M,98,155,10,5,8,14,290,538,1,0,2,0,0,538
5274,14,10,15,17,10-50,2750,B-C,U,97,174,30,1,3,14,319,520,1,0,2,0,0,520
4367,12,12,16,15,12-41,347,B-C,NA,156,226,35,10,5,8,440,720,0,1,2,0,0,720
3330,15,9,12,11,9-65,1065,B-C,U,144,125,5,0,1,12,287,535,1,0,1,0,0,535
170,4,1,1,1,1-84,2381,S,U,120,95,11,2,1,10,239,0,0,0,1,0,0,239
2169,6,6,4,7,6-4,1661,B-C,M,288,161,3,3,0,13,468,626,1,0,1,0,0,626
2425,9,7,13,8,7-61,2661,B-C,U,139,87,10,3,1,10,250,445,0,0,1,0,0,445
2303,4,4,8,8,4-62,877,B-C,U,136,182,31,7,4,17,377,564,1,0,1,0,0,564
4477,12,12,15,15,12-55,435,B-C,U,132,186,12,3,1,16,350,519,1,0,2,0,0,519
435,1,1,2,2,1-49,2551,B-C,U,161,147,13,3,2,24,350,654,1,0,2,0,0,654
1130,6,3,7,4,3-37,1350,B-C,U,155,169,12,4,0,14,354,616,1,0,1,0,0,616
6279,10,13,19,21,13-39,705,B-C,U,99,159,7,1,1,3,270,508,1,0,2,0,0,508
429,1,1,2,2,1-48,2550,B-C,U,168,159,25,5,10,17,384,650,1,0,2,0,0,650
3436,9,9,11,11,9-3,1130,B-C,R,40,65,4,0,1,0,110,546,1,0,1,0,1,546
6322,10,10,20,21,10-18,2274,B-C,U,155,230,27,9,0,0,421,636,1,0,2,0,0,636
673,3,5,3,3,5-6,1678,B-C,U,124,133,5,5,2,4,273,424,0,0,1,0,0,424
4827,12,13,15,16,13-2,452,B-C,U,159,201,25,12,7,17,421,598,1,0,2,0,0,598
492,1,1,2,2,1-53,2583,B-C,R,84,161,16,4,3,13,281,539,1,0,2,0,1,539
5389,13,11,10,18,11-85,723,B-C,U,164,137,57,1,0,25,384,604,1,0,1,0,0,604
805,5,5,7,3,5-36,1736,B-C,U,117,132,6,2,5,9,271,415,0,0,1,0,0,415
4455,12,12,15,15,12-51,412,B-C,U,179,247,41,7,4,2,480,693,0,1,2,0,0,693
2594,2,2,9,9,2-14,169,B-C,U,149,210,22,6,3,17,407,675,1,0,2,0,0,675
3789,15,9,12,12,9-17,1167,B-C,M,183,143,3,4,0,12,345,565,1,0,1,0,0,565
6513,14,14,22,22,14-13,81,B-C,U,131,192,44,6,7,20,400,653,1,0,2,0,0,653
560,1,2,2,2,2-92,2783,B-C,R,137,246,149,0,1,29,562,726,1,0,2,0,1,726
1981,6,3,21,7,3-63,1450,B-C,U,198,281,14,3,2,14,512,738,1,0,1,0,0,738
6517,14,14,22,22,14-14,82,B-C,U,91,103,37,3,7,0,241,518,1,0,2,0,0,518
4414,12,12,15,15,12-48,378,B-C,U,163,184,18,6,1,13,385,583,1,0,2,0,0,583
3286,15,9,12,11,9-58,1019,B-C,U,130,136,13,3,2,7,291,438,0,0,1,0,0,438
3782,15,9,12,12,9-20,1157,B-C,M,154,120,6,2,5,12,299,569,1,0,1,0,0,569
3352,15,9,11,11,9-25,1078,B-C,U,194,178,14,5,5,14,410,722,0,1,1,0,0,722
4932,2,12,16,16,12-67,523,B-C,R,152,194,21,2,3,10,382,638,1,0,2,0,1,638
4740,12,12,16,16,12-21,355,B-C,U,136,144,19,6,7,9,321,525,1,0,2,0,0,525
1162,6,3,4,4,3-55,1390,B-C,U,185,194,6,7,2,0,394,632,1,0,1,0,0,632
4924,2,12,16,16,12-75,520,B-C,M,140,192,31,5,3,8,379,727,1,0,2,0,0,727
4725,12,12,16,16,12-36,346,B-C,U,119,131,16,6,4,10,286,501,1,0,2,0,0,501
6117,10,10,20,20,10-87,2971,B-C,R,129,68,15,9,2,13,236,436,0,0,2,0,1,436
3028,7,7,10,10,7-40,2469,B-C,U,114,237,3,2,4,11,371,642,1,0,1,0,0,642
6288,10,13,19,21,13-39,709,E,R,24,124,7,0,0,5,160,272,0,0,2,1,1,272
5833,13,13,19,19,13-82,2863,E,M,50,150,140,3,1,20,364,675,1,0,2,1,0,675
4658,8,8,17,15,8-15,2929,B-C,M,156,212,18,2,4,17,409,640,1,0,2,0,0,640
2309,4,4,8,8,4-67,878,B-C,M,206,204,46,7,6,15,484,747,0,1,1,0,0,747
4439,12,12,15,15,12-2,407,B-C,U,130,159,13,5,2,15,324,503,1,0,2,0,0,503
5992,10,10,20,20,10-46,2649,B-C,R,142,194,5,1,0,7,349,468,0,0,2,0,1,468
3672,15,9,12,12,9-77,1059,B-C,U,170,160,11,3,2,10,356,708,0,1,1,0,0,708
1897,6,3,7,7,3-50,1382,B-C,U,153,121,4,0,0,15,293,497,0,0,1,0,0,497
544,1,1,2,2,1-18,2604,B-C,M,177,311,5,0,1,11,505,665,1,0,2,0,0,665
6740,14,14,22,22,14-103,2739,B-C,R,141,129,8,1,0,19,298,518,0,0,2,0,1,518
2453,9,7,13,8,7-69,2681,B-C,U,157,217,10,4,4,21,413,676,1,0,1,0,0,676
4049,8,8,14,13,8-53,2238,B-C,R,89,180,4,1,2,15,291,506,1,0,2,0,1,506
436,1,1,2,2,1-49,2551,B-C,U,144,165,25,8,3,0,345,653,1,0,2,0,0,653
1007,3,3,4,4,3-21,1300,B-C,U,233,235,20,2,1,12,503,736,1,0,1,0,0,736
1768,11,6,6,6,6-49,1613,B-C,U,211,219,14,3,1,15,463,739,1,0,1,0,0,739
4444,12,12,15,15,12-53,409,B-C,U,116,163,21,3,4,10,317,433,0,0,2,0,0,433
5719,13,13,19,19,13-56,2817,B-C,M,45,237,76,7,4,42,411,644,1,0,2,0,0,644
3794,15,9,12,12,9-17,1168,B-C,M,148,126,4,2,1,15,296,571,1,0,1,0,0,571
3655,15,9,12,12,9-75,1046,B-C,U,168,121,10,4,3,8,314,495,0,0,1,0,0,495
5227,2,2,17,17,2-58,636,B-C,U,128,154,9,1,4,14,310,584,1,0,2,0,0,584
1030,6,3,4,4,3-24,1308,B-C,U,177,150,6,5,2,9,349,645,1,0,1,0,0,645
5596,7,11,18,18,11-16,2005,B-C,R,72,173,18,17,1,10,291,664,1,0,1,0,1,664
2571,2,2,9,9,2-13,157,S,U,26,37,5,0,0,0,68,0,1,0,2,0,0,68
1610,5,5,5,5,5-83,3027,B-C,U,104,142,9,1,0,9,265,500,0,0,1,0,0,500
3847,13,11,18,13,11-77,19,B-C,R,153,116,21,1,3,19,313,539,1,0,1,0,1,539
5011,14,14,22,17,14-41,255,B-C,U,61,104,14,5,124,18,326,619,1,0,2,0,0,619
997,6,3,4,4,3-19,1297,B-C,U,206,169,12,3,4,0,394,733,1,0,1,0,0,733
2774,1,4,8,9,4-11,775,B-C,U,199,188,23,5,8,12,435,694,1,0,1,0,0,694
5245,2,2,17,17,2-65,644,B-C,U,113,253,37,10,4,9,426,653,0,0,2,0,0,653
3689,15,9,12,12,9-79,1072,B-C,U,169,150,9,3,2,12,345,575,1,0,1,0,0,575
3210,9,9,11,11,9-29,937,B-C,U,186,216,19,6,8,21,456,743,1,0,1,0,0,743
648,5,5,7,3,5-31,1399,B-C,U,121,168,9,4,2,6,310,431,0,0,1,0,0,431
3992,8,8,14,13,8-94,2187,B-C,U,151,176,20,7,3,15,372,617,1,0,2,0,0,617
336,2,2,2,2,2-74,2508,B-C,U,183,108,72,2,0,6,371,613,1,0,2,0,0,613
1617,5,5,5,5,5-83,3030,B-C,U,163,101,8,0,0,4,276,490,0,0,1,0,0,490
2739,1,4,8,9,4-10,764,B-C,U,182,168,11,1,3,0,365,568,1,0,1,0,0,568
4604,8,8,17,15,8-14,2906,B-C,U,138,278,26,11,1,12,466,715,1,0,2,0,0,715
4213,8,8,14,14,8-38,2206,B-C,R,81,122,4,5,2,8,222,428,0,0,2,0,1,428
3432,9,9,11,11,9-4,1123,B-C,R,56,129,15,2,3,16,221,529,1,0,1,0,1,529
5792,13,13,19,19,13-70,2847,B-C,U,29,171,84,5,2,19,310,591,1,0,2,0,0,591
2308,4,4,8,8,4-67,878,B-C,M,214,176,35,12,4,15,456,747,0,1,1,0,0,747
2623,2,2,9,9,2-32,180,B-C,R,125,148,12,5,0,0,290,621,1,0,2,0,1,621
6129,10,10,20,20,10-90,2979,B-C,U,143,107,13,9,0,67,339,708,0,0,2,0,0,708
979,3,3,3,4,3-10,1288,B-C,U,211,220,11,5,4,8,459,719,1,0,1,0,0,719
1484,5,5,5,5,5-75,1818,B-C,U,201,151,10,1,2,11,376,617,1,0,1,0,0,617
6578,14,14,22,22,14-1,114,B-C,M,39,106,52,6,2,31,236,518,1,0,2,0,0,518
3841,13,11,18,13,11-79,16,B-C,R,129,152,11,5,0,13,310,547,1,0,1,0,1,547
6263,10,13,19,21,13-35,696,E,R,105,98,11,7,2,8,231,441,0,0,2,1,1,441
114,4,1,1,1,1-65,2350,B-C,M,170,196,11,16,1,15,409,645,1,0,1,0,0,645
1268,3,3,4,4,3-83,1500,B-C,NA,167,148,12,2,1,21,351,722,0,1,1,0,0,722
2574,2,2,9,9,2-17,158,B-C,U,125,148,12,4,5,9,303,530,1,0,2,0,0,530
2487,9,7,13,8,7-80,2697,B-C,R,208,81,9,3,0,8,309,531,0,0,1,0,1,531
812,5,5,7,3,5-36,1740,B-C,U,125,149,13,4,0,11,302,459,0,0,1,0,0,459
3266,15,9,12,11,9-61,994,B-C,U,158,116,13,5,3,15,310,581,1,0,1,0,0,581
6409,10,10,20,21,10-36,2324,B-C,M,120,109,16,3,2,12,262,542,1,0,2,0,0,542
4529,12,13,15,15,13-11,486,B-C,U,169,114,17,1,11,20,332,551,1,0,2,0,0,551
4465,12,12,15,15,12-54,415,B-C,U,156,224,20,7,4,16,427,589,1,0,2,0,0,589
4260,8,8,14,14,8-51,2230,B-C,U,144,201,15,6,2,10,378,670,1,0,2,0,0,670
1216,6,3,4,4,3-74,1487,B-C,R,221,130,4,3,1,17,376,679,1,0,1,0,1,679
6494,14,14,22,22,14-7,72,B-C,U,84,144,28,6,10,13,285,559,1,0,2,0,0,559
6095,10,10,20,20,10-82,2959,B-C,U,101,196,20,74,4,17,412,648,1,0,2,0,0,648
4333,8,8,17,14,8-34,2634,B-C,R,153,201,25,3,2,7,391,546,0,0,2,0,1,546
4701,12,12,16,16,12-25,341,B-C,U,186,144,18,3,5,16,372,662,1,0,2,0,0,662
2296,4,4,8,8,4-62,875,B-C,U,160,176,32,10,2,12,392,712,1,0,1,0,0,712
406,2,2,2,2,2-87,2541,B-C,R,154,118,19,3,3,5,302,523,1,0,2,0,1,523
4263,8,8,14,14,8-88,2240,B-C,R,101,215,5,4,5,22,352,486,0,0,2,0,1,486
5967,10,10,20,20,10-10,1885,B-C,U,123,253,49,6,4,13,448,730,1,0,2,0,0,730
3106,7,7,10,10,7-54,2497,B-C,R,130,124,6,0,1,12,273,434,0,0,1,0,1,434
163,4,1,1,1,1-87,2379,B-C,U,168,126,9,1,2,13,319,579,1,0,1,0,0,579
